wall_hull,wall_hull,wall_hull,wall_hull,wall_hull,wall_hull,wall_hull,wall_hull,wall_hull,wall_hull,wall_hull,wall_hull,wall_hull,wall_hull,wall_hull,wall_hull,wall_hull,wall_hull,wall_hull,wall_hull,wall_hull,wall_hull,wall_hull,wall_hull,wall_hull,wall_hull,wall_hull,wall_hull,wall_hull
wall_hull,flagstone,barrel,flagstone,barrel,flagstone,wall_hull,boardwalk,boardwalk,boardwalk,boardwalk,boardwalk,boardwalk,boardwalk,boardwalk,boardwalk,boardwalk,boardwalk,boardwalk,boardwalk,wall_hull,flagstone,flagstone,flagstone,flagstone,flagstone,flagstone,flagstone,wall_hull
wall_hull,flagstone,flagstone,flagstone,flagstone,flagstone,door,boardwalk,boardwalk,boardwalk,boardwalk,boardwalk,boardwalk,boardwalk,boardwalk,boardwalk,boardwalk,boardwalk,boardwalk,boardwalk,door,flagstone,stall,flagstone,stall,flagstone,stall,flagstone,wall_hull
wall_hull,flagstone,table,table,table,flagstone,wall_hull,boardwalk,boardwalk,boardwalk,boardwalk,boardwalk,boardwalk,boardwalk,boardwalk,boardwalk,boardwalk,boardwalk,boardwalk,boardwalk,wall_hull,flagstone,stall,flagstone,stall,flagstone,stall,flagstone,wall_hull
wall_hull,flagstone,flagstone,flagstone,flagstone,flagstone,wall_hull,boardwalk,boardwalk,boardwalk,boardwalk,boardwalk,boardwalk,boardwalk,boardwalk,boardwalk,boardwalk,boardwalk,boardwalk,boardwalk,wall_hull,flagstone,flagstone,flagstone,flagstone,flagstone,flagstone,flagstone,wall_hull
wall_hull,wall_hull,wall_hull,door,wall_hull,wall_hull,wall_hull,boardwalk,boardwalk,boardwalk,boardwalk,boardwalk,boardwalk,boardwalk,boardwalk,boardwalk,boardwalk,boardwalk,boardwalk,boardwalk,wall_hull,wall_hull,wall_hull,door,wall_hull,wall_hull,wall_hull,wall_hull,wall_hull
wall_hull,flagstone,flagstone,flagstone,flagstone,flagstone,wall_hull,boardwalk,boardwalk,boardwalk,boardwalk,boardwalk,boardwalk,boardwalk,boardwalk,boardwalk,boardwalk,boardwalk,boardwalk,boardwalk,wall_hull,flagstone,flagstone,flagstone,flagstone,flagstone,flagstone,flagstone,wall_hull
wall_hull,flagstone,bed,flagstone,bed,flagstone,door,boardwalk,boardwalk,boardwalk,boardwalk,boardwalk,boardwalk,boardwalk,boardwalk,boardwalk,boardwalk,boardwalk,boardwalk,boardwalk,door,flagstone,flagstone,flagstone,crate,crate,crate,flagstone,wall_hull
wall_hull,flagstone,flagstone,flagstone,flagstone,flagstone,wall_hull,boardwalk,boardwalk,boardwalk,boardwalk,boardwalk,boardwalk,boardwalk,boardwalk,boardwalk,boardwalk,boardwalk,boardwalk,boardwalk,wall_hull,flagstone,flagstone,flagstone,crate,crate,crate,flagstone,wall_hull
wall_hull,flagstone,flagstone,hearth,flagstone,flagstone,wall_hull,wall_hull,wall_hull,wall_hull,wall_hull,wall_hull,boardwalk,boardwalk,boardwalk,wall_hull,wall_hull,wall_hull,wall_hull,wall_hull,wall_hull,flagstone,flagstone,flagstone,flagstone,flagstone,flagstone,flagstone,wall_hull
wall_hull,wall_hull,wall_hull,wall_hull,wall_hull,wall_hull,wall_hull,wall_hull,wall_hull,wall_hull,wall_hull,wall_hull,boardwalk,boardwalk,boardwalk,wall_hull,wall_hull,wall_hull,wall_hull,wall_hull,wall_hull,wall_hull,wall_hull,wall_hull,wall_hull,wall_hull,wall_hull,wall_hull,wall_hull
